{
  "selected_model": "XGBoost",
  "best_params": {
    "learning_rate": 0.1,
    "max_depth": 3,
    "n_estimators": 50
  },
  "final_test_auc": 0.822037037037037,
  "final_test_accuracy": 0.7467532467532467,
  "confusion_matrix": [
    [
      85,
      15
    ],
    [
      24,
      30
    ]
  ],
  "classification_report": {
    "0": {
      "precision": 0.7798165137614679,
      "recall": 0.85,
      "f1-score": 0.8133971291866029,
      "support": 100.0
    },
    "1": {
      "precision": 0.6666666666666666,
      "recall": 0.5555555555555556,
      "f1-score": 0.6060606060606061,
      "support": 54.0
    },
    "accuracy": 0.7467532467532467,
    "macro avg": {
      "precision": 0.7232415902140672,
      "recall": 0.7027777777777777,
      "f1-score": 0.7097288676236044,
      "support": 154.0
    },
    "weighted avg": {
      "precision": 0.7401405933516025,
      "recall": 0.7467532467532467,
      "f1-score": 0.740694711986578,
      "support": 154.0
    }
  },
  "timestamp": "2025-11-19T16:01:10.532176"
}