Pregnancies,Glucose,BloodPressure,SkinThickness,Insulin,BMI,DiabetesPedigreeFunction,Age,predicted_class,predicted_proba
2,120,70,30,100,25.0,0.5,24,0,0.0740391
0,85,66,29,0,26.5,0.35,22,0,0.031501934
5,140,80,32,120,30.1,0.45,35,0,0.48569942
0,95,80,30,130,29.1,0.2,44,0,0.23384595
0,90,70,25,100,20.7,0.3,35,0,0.024077974
